a,abandon,to leave and never return
a,ability,skill
a,abase,humiliate
a,abash,embarrass
a,abbreviate,shorten
a,antonym,opposite meaning
a,abdicate,give up
a,aberration,deviation
a,abhor,hate
a,abide,accept
a,ablution,washing
a,abolish,cancel
a,abominable,unpleasant
a,abortive,unsuccessful
a,abridge,shorten
a,abrogate,cancel
a,abscission,separation
a,absolute,complete
a,abstract,theory
a,abusive,insulting
a,abysmal,bottomless
a,accede,agree
a,accelerate,move faster
a,accessible,easily approachable
a,accord,agreement
a,acknowledge,recognize
a,acme,peak
a,acute,sharp
a,adage,proverb
a,adamant,hard
b,backslide,revert
b,baffle,frustrate
b,bait,harass
b,balmy,fragrant
b,bane,harmful
b,bantering,joking talk
b,bard,poet
b,benediction,blessing
b,beneficial,helpful
b,berate,scold strongly
b,betray,be unfaithful
b,bicker,quarrel
b,beware,be cautious
b,blunder,error
b,boor,rude
b,brag,boast
b,brave,courageous
b,braun,human muscle
b,breadth,width
b,brisk,quick and active
b,bought,purchased
b,brief,short
b,beacon,a guide
b,budge,move a little
b,burden,a worry
b,beverage,drink
b,bland,flavorless
b,bloisterous,noisy
b,burrow,dig a hole
b,brusque,abrupt
c,cache,hiding place
c,calamity,disaster
c,caliber,ability
c,callow,youthful
c,capitulate,surrender
c,capricious,unpredictable
c,carnage,life destruction
c,casualty,serious accident
c,celerity,speed
c,celestial,heavenly
c,certitude,certainty
c,chaotic,disorder
c,chronicle,report
c,cogent,convincing
c,cognitive,with knowledge
c,cohere,stick together
c,colossal,huge
c,comestible,edible
c,compact,agreement
c,compile,put together
c,component,ingredient
c,consternation,great shock
c,contaminate,pollute
c,corpulence,being fat
c,credence,belief
c,craven,cowardly
c,curator,manager
c,curmudgeon,bad-tempered old person
c,cursory,casual
c,curtail,reduce
d,dainty,delicate
d,dart,throw suddenly
d,daunt,frighten
d,debris,remains of something broken
d,debut,first public appearance
d,decelerate,slow down
d,decipher,decode
d,deflect,turn aside
d,deleterious,harmful
d,demeanor,behavior
d,demise,death
d,desultory,aimless
d,detain,keep waiting
d,detonation,explosion
d,detrimental,damaging
d,devoid,lacking
d,diadem,crown
d,disclose,reveal
d,discrete,separate
d,dishearten,discourage
d,disquietude,uneasiness
d,dissimulate,pretend
d,distend,expand
d,divulge,reveal
d,dolorous,sorrowful
d,dross,waste matter
d,dwindle,reduce gradually
d,dynamic,energetic
d,dulcet,melodious
d,drivel,nonsense
e,eccentric,irregular
e,edifice,building
e,edify,to instruct
e,effulgent,shining brilliantly
e,egregious,notorious
e,egress,exit
e,elucidate,explain
e,emanate,come out
e,emasculate,weaken
e,endorse,approve
e,engross,absorb
e,epoch,period of time
e,equipoise,balance
e,espouse,adopt
e,exacerbate,worsen
e,excise,cut away
e,execrable,very bad
e,expound,explain
e,expunge,cancel
e,expurgate,clean
e,extol,glorify
e,efface,remove
e,egalitarian,favoring social equality
e,enamor,attract
e,expedient,a means to an end
e,exult,extreme happiness
e,extant,still in existence
e,exhort,force to do something
e,etymology,history of a word
e,extenuate,weaken
f,fabricate,build
f,facilitate,make less difficult
f,facsimile,copy
f,factitious,artificial
f,fastidious,difficult to please
f,feign,pretend
f,feral,wild
f,fiend,devil
f,figment,invention
f,fictitious,imaginary
f,filch,steal
f,filthy,dirty
f,fissure,crack
f,flair,talent
f,flit,fly
f,fluster,confuse
f,flux,flowing
f,forlorn,sad and lonely
f,fritter,time or money waste
f,fatal,bringing death
f,flint,display proudly
f,frugal,avoiding waste
f,frail,physically weak
f,fragile,easily broken
f,foster,help grow
f,foray,initial attempt
f,fluke,by luck
f,flippant,reckless
f,fiasco,collapse
f,feckless,incompetent
g,gaffe,social blunder
g,gall,annoy
g,gamut,entire range
g,gape,open widely
g,gargantuan,huge
g,garner,gather
g,gaunt,very thin
g,geniality,sympathy
g,ghastly,horrible
g,gibberish,nonsense
g,giddy,light hearted
g,gist,main point
g,gnome,dwarf
g,gobble,eat very quickly
g,gratify,satisfy
g,gravity,seriousness
g,gruff,rough
g,gratis,free
g,glum,moody
g,gory,covered with blood
g,galore,plenty
g,gusto,enjoyment
g,goo,sticky substance
g,gruff,short-tempered person
g,germane,on the point
g,gumption,determination
g,galloping,moving fastly
g,glance,a quick look
g,glob,round lump
g,grievous,severe
h,hale,healthy
h,hallowed,blessed
h,hallucination,false idea
h,hap,luck
h,harangue,long speech
h,haughtiness,arrogance
h,haven,safe place
h,havoc,disorder
h,hazard,put in danger
h,hiatus,gap
h,hideous,ugly
h,hindrance,obstacle
h,horde,crowd
h,hostility,enmity
h,hubris,arrogance
h,hue,color
h,haphazardly,without care
h,heave,throw forcefully
h,heed,attentive
h,helm,leadership
h,hew,cut down
h,hirsute,covered with hair
h,hone,effective
h,hilarious,very funny
h,habile,skillful
h,hurtle,crash
h,hortatory,encouraging
h,humdrum,dull
h,hurtle,crash
h,hummock,small hill
i,idle,not working
i,ignoble,unworthy
i,illicit,illegal
i,illuminate,brighten
i,imbecility,weakness of mind
i,immune,resistant to
i,immure,imprison
i,immutable,unchangeable
i,impecunious,without money
i,impede,hide
i,imperil,put in danger
i,impertinent,rude
i,impetuous,violent
i,impetus,moving force
i,implausible,unlikely
i,impolitic,not wise
i,imponderable,weightless
i,impuissance,powerlessness
i,inadvertently,unintentionally
i,inane,silly
i,inanimate,lifeless
i,inception,beginning
i,incommodious,not spacious
i,increment,increase
i,incubus,burden
i,indelible,not able to be erased
i,indigence,poverty
i,indict,write
i,inevitable,unavoidable
i,infinitesimal,very small
j,jaunt,short journey
j,jibe,insulting
j,jovial,good-natured
j,jimp,slim
j,jamboree,big celebration
j,jittery,vibrating
j,jocose,joking
j,jocundity,witty
j,judicious,showing good judgement
j,juvenescent,becoming young
j,jab,to poke
j,junk,useless
j,juxtapose,place close together
j,jumpy,uneasy
j,jactitation,false claim
j,juggernaut,unstoppable force
j,jubilation,great joy
j,judicature,administration of justice
j,julienne,cut into thin pieces
j,jaculate,to throw
j,juncture,act of joining
j,jest,a prank
j,jeopardy,risk of injury
j,jointer,machine used in making joints
j,janitor,one who cleans the building
j,jussive,a command
j,jurisprudence,science of law
j,jaded,bored
j,jaunt,amateur journey
j,jollity,full of humor
k,ken,range of knowledge
k,kernel,core
k,killjoy,spoilsport
k,kindle,inspire
k,kindred,related
k,kinetic,Motion
k,kismet,fate
k,kleptomaniac,compulsive desire
k,knack,art
k,knave,rogue
k,knead,mix
k,kneel,go down one's knee
k,knell,disaster
k,knit,join together
k,knoll,hillock
k,knotty,difficult
k,kudos,honor
k,kilometer,distance
k,kickoff,to start
k,kitty,small amount of money
k,kith-and-kin,ones family and relation
k,kip,informal sleep
k,kowtow,obedient
k,kitsch,pretentious
k,kaleidoscope,color
k,kaput,ruined
k,keynote,a central theme
k,kiosk,tickets selling booth
k,knighthood,the rank
k,kyrgyzstan,country
l,labile,unstable
l,laborious,tedious
l,labyrinth,maze
l,lace,delicate fabric
l,laceration,wound
l,lachrymose,tearful
l,lackadaisical,lazy
l,lackluster,dull
l,laconic,terse
l,lag,straggle
l,laggard,slow
l,lagoon,lake near a sea
l,laity,layman
l,lament,grieve
l,lampoon,ridicule
l,lance,cutinto
l,lancet,small surgical tool
l,languid,sluggish
l,languor,lack of mental energy
l,lank,long and thin
l,lap,splash gently
l,larceny,theft
l,larder,pantry
l,largess,generous gift
l,lascivious,lustfull
l,lassitude,listlessness
l,latch,close
l,latent,hidden
l,lateral,coming from the side
l,latitude,freedom from narrow limitations
m,macabre,grisly
m,mace,clublike weapon
m,macerate,waste away
m,maculated,spotted
m,madrigal,pastoral song
m,maelstrom,violent whirlpool
m,magistrate,power
m,magnanimity,generosity
m,magnate,influence
m,magniloquent,pompous
m,magnitude,extent
m,maim,disable
m,makeshift,substitute
m,maladroit,clumsy
m,malady,illness
m,malaise,uneasiness
m,malapropos,inappropriate
m,maledication,curse
m,malefactor,criminal
m,maleficent,doing evil
m,malevolent,wishing evil
m,malfeasance,misconduct
m,malicious,hateful
m,malignant,tending to cause death
m,malign,speak evil
m,malodorous,foul-smelling
m,mammoth,enormous
m,manacle,restrain
m,mandatory,obligatory
m,manifest,visible
n,nadir,lowest point
n,naivet,simplicity
n,narcissist,conceited person
n,nascent,incipient
n,natation,swimming
n,natty,neatly dressed
n,nausea,disgust
n,nauseous,feeling nausea
n,nebulous,vague
n,nefarious,very wicked
n,nagate,cancel out
n,nexus,connection
n,negligence,neglect
n,negligible,so small
n,nepotism,favoritism
n,nether,lower
n,nib,pen point
n,nicety,precision
n,niggardly,meanly stingy
n,niggle,find fault
n,nimble,quick in movement
n,nirvana,buddhist teachings
n,nocturnal,active at night
n,nomadic,wandering
n,nomenclature,terminology
n,nominal,in name only
n,nonchalance,indifference
n,noncommittal,neutral
n,nondescript,ordinary
n,noose,loop formed in a rope
o,oaf,stupid awkward person
o,oath,promise
o,obdurate,stubborn
o,obeisance,bow
o,obese,fat
o,obfuscate,confuse
o,obituary,death noise
o,objective,fair
o,obligatory,required
o,oblique,indirect
o,obliterate,destroy completely
o,oblivion,obscurity
o,oblivious,inattentive
o,obnoxious,offensive
o,obscure,dark
o,obsequy,funeral ceremony
o,obsessive,of an obsession
o,obsidian,black volcanic rock
o,obsolete,no longer used
o,occident,the west
o,occult,secret
o,odds,chances
o,odious,hateful
o,odium,detestation
o,odorous,having an odor
o,odyssey,long
o,offensive,attacking
o,offhand,casual
o,ominous,threatening
o,omnipotent,all powerful
p,pachyderm,thick-skinned animal
p,pacify,soothe
p,padre,chaplain
p,painstaking,taking pains
p,palatable,agreeable
p,palate,roof of the mouth
p,palatial,magnificent
p,pall,become boring
p,pallid,pale
p,pan,criticize harshly
p,panacea,cure all
p,panache,flair
p,pandemic,widespread
p,pandemonium,wild noisy disorder
p,pander,cater to
p,panegyric,formal praise
p,pang,sudden sharp feeling of pain
p,pantomime,acting without dialogue
p,papyrus,ancient paper
p,paradigm,model
p,paragon,model of perfection
p,paramour,illicit lover
p,paraphernalia,equipment
p,parasite,animal
p,pariah,social outcast
p,parish,area in care of single priest
p,parity,equality
p,parley,conference
p,parsimony,stinginess
p,partition,divided into parts
q,quack,impostor
q,quadruped,four-footed animal
q,quaff,drink with zest
q,quagmire,bog
q,quail,cower
q,quaint,odd
q,qualified,limited
q,qualify,reach a necessary standard
q,qualms,uneasy feelings
q,quandary,dilemma
q,quarantine,isolation of a person
q,quarry,dig into
q,quash,crush
q,quay,dock
q,queasy,experiencing nausea
q,queer,strange
q,quell,suppress
q,quench,assuage or satisfy
q,querulous,complaining
q,query,inquiry
q,queue,line
q,quibble,minor objection or complaint
q,quicksilver,mercury
q,quiescent,dormant
q,quietude,calmness
q,quip,taunt
q,quirk,sudden sharp turn or twist
q,quisling,traitor who aids invaders
q,quiver,tremble
q,quotidian,daily
r,rally,come or bring together
r,ram,male sheep
r,ramble,wander aimlessly
r,ramification,branching out
r,ramify,branch out
r,ramp,slope
r,rampant,growing or spreading uncontrollably
r,rampart,defensive mound of earth
r,ramshackle,poorly constructed
r,rancid,having the odor of stale
r,rancor,long-lasting hatred
r,random,without definite purpose
r,rank,offensive in odor
r,rankle,irritate
r,ransack,search thoroughly
r,rant,speak violently
r,rapacious,voracious
r,rapport,close relationship
r,rapt,engrossed
r,rapture,great joy and delight
r,rare,thin in density
r,rarefied,made less dense
r,raspy,making a harsh noise
r,ratify,approve formally
r,ravage,devastate
r,rave,overwhelmingly favorable review
r,ravel,fall apart into tangles
r,ravenous,extremely hungry
r,ravine,narrow valley with steep sides
r,raze,destroy completely
s,sacrosanct,invariably sacred
s,sadistic,inclined to cruelty
s,saga,any legend
s,sagacious,wise
s,sage,wise person
s,salacious,lascivious
s,salient,prominent
s,saline,salty
s,sallow,unhealthy-looking
s,sallow,complexion due to jaundice
s,salubrious,healthful
s,salutary,tending to improve
s,salvage,rescue
s,sanctimonious,displaying ostentatious
s,sanctimony,hypocritical piety
s,sanction,approve
s,sanctuary,place of refuge
s,sanguinary,bloody
s,sanguine,optimistic
s,sap,diminish
s,sarcasm,cutting ironic remark
s,sardonic,scornfully mocking
s,sartorial,pertaining to tailors
s,sate,satisfy to the full
s,satellite,small body revolving around a larger one
s,satiate,satisfy fully
s,satire,form of literature in which irony
s,satirical,mocking
s,saturate,soak thoroughly
s,saturnine,morose
s,satyr,half-human
s,scad,a great quantity
t,taciturn,habitually silent
t,tact,skill
t,tactful,careful no to cause offence
t,tactile,pertaining to the organs
t,taint,contaminate
t,tainted,reputation
t,takeoff,burlesque
t,talisman,charm
t,talon,claw of bird
t,tan,convert into leather
t,tangential,only slightly connected
t,tangible,able to be touched
t,tanner,person who turns animal hides into leather
t,tantalize,tease
t,tantrum,fit of bad temper
t,taper,very thin candle
t,tarantula,venomous spider
t,tardy,slow
t,tarnish,become dull
t,tarry,linger
t,tart,sharp to the taste
t,tatter,torn piece of cloth
t,taunt,provoke
t,taut,tight
t,tautological,needlessly repetitious
t,tawdry,cheap and gaudy
t,tawny,brownish yellow
t,tedium,boredom
t,temper,moderate
t,tempo,speed of music
u,ubiquitous,omnipresent
u,ultimate,final
u,ultimatum,last demand
u,umbrage,resentment
u,unaccountable,inexplicable
u,unanimity,complete agreement
u,unassuaged,unsatisfied
u,unbridled,violent
u,unconscionable,unscrupulous
u,urge,force forward
u,upshot,outcome;
u,upright,straight up
u,unwitting,not knowing
u,unwarranted,unjustified
u,untenable,indefensible
u,unsightly,ugly
u,unseemly,unbecoming
u,unruly,disobedient
u,unobtrusive,inconspicuous
u,universal,present everywhere
u,unique,single in kind
u,unintimidating,unfrightening
u,uniformity,sameness
u,unguent,ointment
u,unfaltering,not changing
u,unexceptionable,entirely acceptable
u,unearthly,not earthly
u,undertaker,funeral director
u,underscore,underline
u,underlying,lying below
u,uncouth,boorish
V,vicissitude,unwelcome
v,vacant,unoccupied
v,vanquish,conquer
v,verdict,result
v,vast,huge
v,versatile,all-rounder
v,virtuous,moral righteous angelic
v,vary,differ
v,valiant,courageous
v,violent,forceful
v,victory,triumph
v,vague,unclear
v,voluntary,willingly
v,vibes,signals
v,vendor,who sells commodities
v,viable,possible
v,valley,lowland between hills or mountains
v,van,large vehicle for carrying cargo or lots of people
v,vast,very big or immense
v,vat,large open jar or basin
v,vault,to jump over
v,veer,to turn sharply
v,vent,hole to let air in or out
v,very,to a high degree or extreme level
v,vest,a piece of clothing like a shirt without sleeves
v,vet,short for veterinarian a doctor for animals
v,video,visual part of a recorded program
v,view,to look at
v,vine,a plant with long stems that grow up against walls
v,virus,disease-causing microbe
w,wade,walk through a substance
w,waft,move gently by wind or waves
w,wage,begin and continue
w,waggish,humorous
w,waif,homeless child or animal
w,waive,give up temporarily
w,wallow,roll in mud
w,wane,decrease in size or strength
w,warble,sing
w,warp,twist out of shape
w,warrant,justification
w,warranted,justified
w,warranty,guarantee
w,wary,very cautious
w,waver,move or swing back and forth
w,wax,increase gradually
w,weird,strange
w,whelp,young animal
w,whiff,puff or gust
w,whine,complain
w,whit,small amount
w,wholesome,conducive to mental or physical health
w,willful,intentional
w,wilt,lose freshness
w,wince,move back suddenly
w,wrongheaded,stubbornly wrong
w,wrinkle,a small ridge on a smooth surface
w,wretch,miserable person
w,wreak,inflict
w,wrangle,quarrel noisily
w,woeful,sad
w,witless,lacking intelligence
w,withhold,refuse to give
x,x-ray,medical procedure to see bones
x,xmas,short form of christmas
x,xi,14th letter of the Greek alphabet
x,xia,Old word for the country of China
x,xenon,Inert gas commonly used in neon lights
x,xenophobic,frightened of foreigners
x,xerox,term for a copy machine based on the Xerox brand
x,xylophone,instrument played by striking mallets against tuned pieces of wood
y,yen,strong desire
y,yeoman,man or farmer owning a small estate
y,yield,amount produced
y,yoke,join together
y,yokel,rustic
y,yore,time long past
y,yet,So far
y,yam,orange
y,yarn,Strand of thread used for knitting
y,yawn,Long
y,year,365 days
y,yell,To speak out loudly
y,yellow,Color of the sun or a banana
y,yes,Affirmative
y,yip,A bark made by a small dog
y,you,The second person
y,yacht,A fancy
y,yearn,To want something very badly
y,yeast,Fungus used to ferment sugar in the baking process
y,yeoman,hardworking person
y,yield,Give up
y,yip,Sharp
y,yoga,Exercise and meditation that focuses on flexibility
y,yogi,Someone who teaches yoga
y,yogurt,Dairy dish made from fermented milk
y,yammer,Fast
y,yank,To pull sharply or tug
y,yard,The back area of a house
y,yelp,Short
y,yen,Japanese money
y,yield,To surrender or give way
y,yonder,At a distance
y,yowl,Loud
y,young,Early age
y,yummy,Tasty
y,yurt,A circular tent
z,zany,comic
z,zeal,eager enthusiasm
z,zealot,one who is zealous
z,zenith,point directly overhead in the sky
z,zephyr,gentle breeze
z,zest,spice
z,zany,Crazy
z,zap,To hit with energy
z,zero,Number representing nothing
z,zip,To pull up a zipper
z,zoo,Place where people can go to see wild animals
z,zoom,To move quickly
z,zany,Something funny or silly
z,zeal,Excitement
z,zebra,Black and white striped horse from Africa
z,zilch,Zero nothing
z,zigzag,To move back and forth sharply
z,zillion,Informal word for a large number
z,zing,Energy
z,zipper,Connector linking two lines of metal teeth
z,ziti,Tube-shaped pasta
z,zone,Area
z,zapper,informal word for a device that delivers electric signals or shocks
z,zealot,Fanatic
z,zephyr,A gentle breeze
z,zeppelin,Big blimp
z,zesty,Flavorful
z,zine,Self-published magazine
z,zinger,A clever insult or comeback
z,zinnia,Garden flower
z,zombie,Walking dead person

